{
    "cookie": "GuestData=UserID=-908998697; RBXMarketing=FirstHomePageVisit=1; _gcl_au=1.1.2124537542.1673572898; RBXSource=rbx_acquisition_time=3/23/2023 3:48:55 PM&rbx_acquisition_referrer=&rbx_medium=Direct&rbx_source=&rbx_campaign=&rbx_adgroup=&rbx_keyword=&rbx_matchtype=&rbx_send_info=1; __utmz=200924205.1679713072.724.34.utmcsr=create.roblox.com|utmccn=(referral)|utmcmd=referral|utmcct=/; _ga=GA1.2.1335505253.1649534774; _ga_BK4ZY0C59K=GS1.1.1680633436.30.1.1680633525.0.0.0; .RBXIDCHECK=; __utma=200924205.1335505253.1649534774.1680898339.1680974896.748; __utmb=200924205.0.10.1680974896; __utmc=200924205; .ROBLOSECURITY=_|WARNING:-DO-NOT-SHARE-THIS.--Sharing-this-will-allow-someone-to-log-in-as-you-and-to-steal-your-ROBUX-and-items.|_16AE229D0D9C5CA8B7EBC63DFA7D86EBE9DD879643A737689F5FD56FEEDA9F0162F4CC47556BFA4774BFCF12D43EC16DEE37045D04C95BF5902EF5CA00BDF93C528E750C0C3EDDC7C046576960B3E932A0D59CC8700E3B6573EA5994D508B95FD76F391151E68B2A08AEDDAFE8B508DFB675160A82560741DF4FBE831FA1B1158B7694D1111DAD14F1BEB0476371C4F2EAABB634E143FCC60F2869EBD7D304C1C8337B3D30674D8783F32C4F58224A01BF74A0AF71D1CA33202A2A4E2F8E535F3DAF71A91E770B7F967B9303D5E9CCA3807885DF1A2BAE1E9E17BA8D9A7C3AECA38AC0907A6D58D80ABD3C5278C8A39FA4E92664A79355930BFF41D705464B754D7BDE43DF7B0A5A5EA799E38A3563A118D0138DB1E3398C67EFE1497E7D7166EFE985F6CC160EBFA3FAF365B3C2990DAE6D7764951B4722B8EC3E26D6613B1FEE979D7A86CCE664C634512F5D696B40287DB8885999F5E1D0978EB44C12061F3FE57EA8521117774406D560EE5B81A16158BB67612F062056850DBB73B9E364BC0DD020F4F9933370A7D97301BC0279DC39E989; RBXEventTrackerV2=CreateDate=4/8/2023 5:01:33 PM&rbxid=4495477105&browserid=131166183165; RBXSessionTracker=sessionid=63659341-8682-46ce-9bdc-d6814c852bdd",
    "Range1": 8802477, 
    "Range2": 10657533 
   
}

